singular_value_index,mean_c_ideal_noise_0,std_c_ideal_noise_0,mean_c_noisy_noise_25,std_c_noisy_noise_25,mean_c_ctc_noise_25,std_c_ctc_noise_25,mean_c_noisy_noise_50,std_c_noisy_noise_50,mean_c_ctc_noise_50,std_c_ctc_noise_50
1,0.9991018853478888,0.0,0.999055166408261,0.0,0.999053335978062,0.0,0.9989341856192037,0.0,0.9989261465072294,0.0
2,0.998340536879204,0.0,0.9981389712226908,0.0,0.9981179490477647,0.0,0.9975603995101612,0.0,0.9975007487693527,0.0
3,0.9978698942219925,0.0,0.9975434937009675,0.0,0.9975167301123237,0.0,0.9966378366663282,0.0,0.9965245159743631,0.0
4,0.9775917241461357,0.0,0.9727821412241717,0.0,0.9695684868753093,0.0,0.9715902180225872,0.0,0.9460854581992706,0.0
5,0.9743739266548377,0.0,0.9713050599006924,0.0,0.9653959438130206,0.0,0.9713505290002826,0.0,0.9361993683254823,0.0
6,0.9697303344056575,0.0,0.9634442599876417,0.0,0.9559357427496767,0.0,0.9679226788647951,0.0,0.9118124179355813,0.0
7,0.9587163181152856,0.0,0.9567835737576526,0.0,0.9454806927248537,0.0,0.9668805551551264,0.0,0.9024440387101094,0.0
8,0.9547568150795787,0.0,0.9531401284080888,0.0,0.9384917552187986,0.0,0.9618714194872755,0.0,0.8937042526618636,0.0
9,0.9376025043307502,0.0,0.9332420559053862,0.0,0.9134486304727297,0.0,0.9574768055049738,0.0,0.8661788624799517,0.0
10,0.9283667181384629,0.0,0.9325243405717027,0.0,0.8950728981036553,0.0,0.9564883597022117,0.0,0.820517103333288,0.0
11,0.912512229120476,0.0,0.9199634017465994,0.0,0.8707437929660474,0.0,0.9536491713535258,0.0,0.819675609212502,0.0
12,0.8546895225796715,0.0,0.915680118712337,0.0,0.8011458271105389,0.0,0.9501595121488472,0.0,0.8037958004687759,0.0
13,0.8296366693224003,0.0,0.9134719107679917,0.0,0.7697170002265517,0.0,0.9486980081646026,0.0,0.7661879315608354,0.0
14,0.8157491928004719,0.0,0.8925887887337971,0.0,0.7257862486493493,0.0,0.946842419981345,0.0,0.7513548077706819,0.0
15,0.7723747623275109,0.0,0.8837532360848892,0.0,0.7019014404067558,0.0,0.9444319013252915,0.0,0.7484684550105871,0.0
16,0.7495252399572407,0.0,0.8776278066049462,0.0,0.6594065602654493,0.0,0.9426353127107144,0.0,0.740621071935369,0.0
17,0.704155605843401,0.0,0.874298363003527,0.0,0.6498133528924118,0.0,0.9400115816851342,0.0,0.7327671981699491,0.0
18,0.6886020092605266,0.0,0.8677830016207677,0.0,0.622184294148981,0.0,0.9373563304894117,0.0,0.7205786340036795,0.0
19,0.6544156074804734,0.0,0.8582398900836897,0.0,0.6083431755790247,0.0,0.9369675720264315,0.0,0.7154363714884907,0.0
20,0.6272751923961442,0.0,0.8537761119575402,0.0,0.5694988922862145,0.0,0.9332123567974036,0.0,0.7078079906825404,0.0
21,0.6043990067782681,0.0,0.8425999718042039,0.0,0.5417277231292951,0.0,0.9316450025070246,0.0,0.6900134596766839,0.0
22,0.5579534841233668,0.0,0.8393682670306487,0.0,0.52496114341544,0.0,0.931400509242919,0.0,0.6828380416175692,0.0
23,0.5303737226675888,0.0,0.8315443981775216,0.0,0.5030915995752833,0.0,0.9293898773750957,0.0,0.6733150905595541,0.0
24,0.5056923653930372,0.0,0.8218480801505362,0.0,0.4930021657144123,0.0,0.9271545843935933,0.0,0.6691341252652611,0.0
25,0.47371005076031414,0.0,0.8206250010658522,0.0,0.4639551096273696,0.0,0.9259075859810922,0.0,0.6587321441199661,0.0
26,0.4582726314802104,0.0,0.8163248818000696,0.0,0.45940955231603176,0.0,0.9252916302945033,0.0,0.6534992594591045,0.0
27,0.38074053261942475,0.0,0.8108945624594857,0.0,0.4341523422133865,0.0,0.9218247503491912,0.0,0.6465419753659594,0.0
28,0.3523190033320483,0.0,0.8083443286425054,0.0,0.4246314106039474,0.0,0.9202491750142218,0.0,0.6438895615068422,0.0
29,0.328257901719199,0.0,0.8039817041665888,0.0,0.41587462587756324,0.0,0.917223172622614,0.0,0.6317209720996867,0.0
30,0.31581294281347344,0.0,0.8024583657627735,0.0,0.4071339149940975,0.0,0.9167336256686438,0.0,0.6253433334137096,0.0
31,0.29297068952734845,0.0,0.7960243835555093,0.0,0.39865858696901973,0.0,0.9155018531718883,0.0,0.6168014341580486,0.0
32,0.28283060756523365,0.0,0.7889216043748879,0.0,0.39142646148113397,0.0,0.9143490431150233,0.0,0.6134283321281508,0.0
33,0.251928089392798,0.0,0.7822087352030783,0.0,0.3768373306934169,0.0,0.9131163825963795,0.0,0.6022370623062893,0.0
34,0.23280943110797572,0.0,0.7800585018019575,0.0,0.37118460074301407,0.0,0.911993712477818,0.0,0.5967735824204577,0.0
35,0.21057834951754675,0.0,0.778785815251923,0.0,0.3678122864189897,0.0,0.910428122037061,0.0,0.5889833978619392,0.0
36,0.201518044408888,0.0,0.7731992147427998,0.0,0.3589222531592332,0.0,0.9078365302651711,0.0,0.5749602335113992,0.0
37,0.18856519648770484,0.0,0.7685879979235777,0.0,0.35224023836883406,0.0,0.9071716583447802,0.0,0.5698568444332786,0.0
38,0.16996585806875567,0.0,0.7662333984288096,0.0,0.3401931999576003,0.0,0.9065438851500389,0.0,0.5662919274073585,0.0
39,0.1601881069536954,0.0,0.761450782505507,0.0,0.3320050475602997,0.0,0.904711889587483,0.0,0.5628293527880287,0.0
40,0.15547902548362283,0.0,0.7608909075017974,0.0,0.32525779495335144,0.0,0.9030666250584151,0.0,0.5598782215968295,0.0
41,0.14227250323292773,0.0,0.7519337092752796,0.0,0.31855289775639695,0.0,0.9020723344321103,0.0,0.5491010666143185,0.0
42,0.13637567921096277,0.0,0.7497569583963283,0.0,0.3130307215675894,0.0,0.9004265135163,0.0,0.5409854567429567,0.0
43,0.1338994514291141,0.0,0.7460202297492444,0.0,0.3076729138323912,0.0,0.8982980772253122,0.0,0.5366921498483546,0.0
44,0.1264089774747042,0.0,0.7452739760969048,0.0,0.3007486133769502,0.0,0.8963167794957451,0.0,0.5331685530589577,0.0
45,0.11320195405177202,0.0,0.7436849187198573,0.0,0.29562335245519855,0.0,0.8954126052533306,0.0,0.5212359039786458,0.0
46,0.10880367394693541,0.0,0.7362297694236919,0.0,0.2839039713227771,0.0,0.8948289911385536,0.0,0.5172219894389346,0.0
47,0.10568484317153629,0.0,0.7317533661646674,0.0,0.278593135787886,0.0,0.8920200793134591,0.0,0.5154693298529658,0.0
48,0.09826726057402008,0.0,0.7273844303498715,0.0,0.2735444028288947,0.0,0.890831835484298,0.0,0.5063442750024459,0.0
49,0.09089084830034302,0.0,0.7259903900742338,0.0,0.2669279332077666,0.0,0.889602474988252,0.0,0.5027526360506963,0.0
50,0.08182302728583224,0.0,0.7182408346771914,0.0,0.25828408549350584,0.0,0.888076225132071,0.0,0.49159501550497464,0.0
51,0.07945350822954367,0.0,0.7170247949475539,0.0,0.25747190056148245,0.0,0.8863797059925271,0.0,0.4858625022524258,0.0
52,0.07121637587926674,0.0,0.7126063649139183,0.0,0.2519557776214253,0.0,0.8855676974215008,0.0,0.4823716909609384,0.0
53,0.06519851893812727,0.0,0.7099474224504332,0.0,0.24997790236647438,0.0,0.884891982242254,0.0,0.4705958952837225,0.0
54,0.061085825998532045,0.0,0.7035211372780824,0.0,0.24445660796933844,0.0,0.8834166719720461,0.0,0.4652719147357844,0.0
55,0.05627188329796005,0.0,0.7031074097078809,0.0,0.24146766484080912,0.0,0.8822158065070542,0.0,0.4605745327541856,0.0
56,0.05323535222700765,0.0,0.6996285079284,0.0,0.23729119296421464,0.0,0.881429255351514,0.0,0.4562356279009032,0.0
57,0.04945070002919692,0.0,0.6951483562230302,0.0,0.23423609755194652,0.0,0.8803105764314642,0.0,0.45417886840947347,0.0
58,0.04668359364963954,0.0,0.6939874865930891,0.0,0.2268869926185261,0.0,0.8786382474408874,0.0,0.44390040930317815,0.0
59,0.04528633995010184,0.0,0.6938734687150944,0.0,0.21899453240839126,0.0,0.8781776509460866,0.0,0.437703105273771,0.0
60,0.044567167239286026,0.0,0.6887139055989543,0.0,0.21312214765232318,0.0,0.8762196228427986,0.0,0.4286852749443923,0.0
61,0.04129173105115615,0.0,0.6880980033140526,0.0,0.20897925345052706,0.0,0.8753237060517552,0.0,0.42339399011509926,0.0
62,0.03963719146117182,0.0,0.6848080644582487,0.0,0.2062293902126033,0.0,0.8735603616754225,0.0,0.41305429481100564,0.0
63,0.03576987604176836,0.0,0.6816845591911116,0.0,0.2043368613912115,0.0,0.8724559326634049,0.0,0.41066430997748066,0.0
64,0.03463772550531802,0.0,0.6790308175374326,0.0,0.1998198404696078,0.0,0.8709500457429539,0.0,0.4074378821039338,0.0
65,0.034000929653138744,0.0,0.6746106435304738,0.0,0.19201272726885882,0.0,0.8692448581650309,0.0,0.4037931919717235,0.0
66,0.030687042652238036,0.0,0.6726540893520908,0.0,0.19015977372342988,0.0,0.8687739808869662,0.0,0.39852421840071106,0.0
67,0.02937312622269292,0.0,0.6694418825012255,0.0,0.1820648287269533,0.0,0.8680949694861738,0.0,0.3876988171141326,0.0
68,0.028672965553921126,0.0,0.6664817415597138,0.0,0.17605263785464192,0.0,0.8675907741756924,0.0,0.3851509892559818,0.0
69,0.026765081604143887,0.0,0.6611902361770756,0.0,0.1733132473299632,0.0,0.8655434880336548,0.0,0.37574801686619896,0.0
70,0.025250073841093446,0.0,0.6597221427697386,0.0,0.1707961346677453,0.0,0.8646515197203972,0.0,0.3608070245661602,0.0
71,0.023790754582331396,0.0,0.6564072472583254,0.0,0.16636240406924513,0.0,0.8633832406495402,0.0,0.3537138068180358,0.0
72,0.023177590953919462,0.0,0.65496497815573,0.0,0.1594302349697249,0.0,0.8624791696674645,0.0,0.34806649467578743,0.0
73,0.022505367143402885,0.0,0.6528966989907135,0.0,0.15807404978920234,0.0,0.8604947053933539,0.0,0.3461867764614248,0.0
74,0.021322450196682684,0.0,0.6493457920944266,0.0,0.15661615610118482,0.0,0.859682842109339,0.0,0.33713033670368037,0.0
75,0.020063770564763776,0.0,0.6459915684172528,0.0,0.15256232898613506,0.0,0.8584720421596344,0.0,0.32041024330925255,0.0
76,0.018254286200664632,0.0,0.6430284968396649,0.0,0.14979472262807592,0.0,0.858156181806142,0.0,0.31318280351878425,0.0
77,0.01801870829036767,0.0,0.6406612296330892,0.0,0.14491114632546043,0.0,0.8566749503919779,0.0,0.3089318998439784,0.0
78,0.017092848431242685,0.0,0.6384145539481779,0.0,0.14015092541221785,0.0,0.8561206135003168,0.0,0.29774594390407827,0.0
79,0.016464020662315566,0.0,0.6364763856177538,0.0,0.12946005301575303,0.0,0.8556831263449346,0.0,0.29048487046394045,0.0
80,0.015230419613935562,0.0,0.635165545626258,0.0,0.12734103041277234,0.0,0.8547230203810097,0.0,0.27849832825032167,0.0
81,0.015075781675327303,0.0,0.6345700527923561,0.0,0.12545250994177332,0.0,0.8523610756356254,0.0,0.2739123287024649,0.0
82,0.014137709619368668,0.0,0.6318772670873344,0.0,0.11982667762560902,0.0,0.8513665892404613,0.0,0.2669619685567171,0.0
83,0.012090722220623724,0.0,0.6262685045959262,0.0,0.1186312311359007,0.0,0.8501962666600711,0.0,0.2609553143954628,0.0
84,0.011843575195976756,0.0,0.6236581797310122,0.0,0.11560028288481503,0.0,0.848870024414442,0.0,0.2517358382018884,0.0
85,0.011397533960995423,0.0,0.6216057997374278,0.0,0.11160465351266291,0.0,0.8476728844372261,0.0,0.24622178608419606,0.0
86,0.010342362492230908,0.0,0.6193933874494315,0.0,0.10919082158704171,0.0,0.8469909842767464,0.0,0.23354518714565867,0.0
87,0.010004281913295792,0.0,0.6180925300633168,0.0,0.10208078437449614,0.0,0.8462925991285827,0.0,0.2216139709658961,0.0
88,0.009777635840854245,0.0,0.6152714293182993,0.0,0.10033270361782862,0.0,0.845178059304327,0.0,0.21718424120117494,0.0
89,0.009172886030521056,0.0,0.6134072626900976,0.0,0.0971835385616789,0.0,0.8441008733529218,0.0,0.21037433113341023,0.0
90,0.008488175219690395,0.0,0.6119921636467526,0.0,0.09174716618066554,0.0,0.8435260306780863,0.0,0.19427592857190795,0.0
91,0.008289348360409876,0.0,0.6084343624555293,0.0,0.09144154366617066,0.0,0.8423221797791725,0.0,0.190102570489014,0.0
92,0.007936000488616674,0.0,0.6063746650433056,0.0,0.087002549542025,0.0,0.8407401102521901,0.0,0.18278229723754932,0.0
93,0.007780488208758225,0.0,0.6051605117640553,0.0,0.08277056854710028,0.0,0.8394767808450552,0.0,0.17281616456323665,0.0
94,0.007307923136880454,0.0,0.6028443604125174,0.0,0.08046102061142202,0.0,0.8391822295981621,0.0,0.16538388112694904,0.0
95,0.007110518437735364,0.0,0.6013523520948122,0.0,0.07839474902125539,0.0,0.8384177767020196,0.0,0.15154099140950034,0.0
96,0.0065467082708866465,0.0,0.6001645642915161,0.0,0.07122978358926926,0.0,0.8371222481943777,0.0,0.1414291145789566,0.0
97,0.006386604981328528,0.0,0.5965109129674605,0.0,0.07070864208111406,0.0,0.8366957749244147,0.0,0.13340413873868232,0.0
98,0.006256885530564627,0.0,0.5959191137183357,0.0,0.06632306997862407,0.0,0.8359880181661955,0.0,0.12015763815792192,0.0
99,0.005870051119325989,0.0,0.5939845626433817,0.0,0.06066058622911542,0.0,0.8343292189124799,0.0,0.11240970064803639,0.0
100,0.005711939412543834,0.0,0.5905058452163424,0.0,0.056010896464026884,0.0,0.8330913190166972,0.0,0.09909448572920528,0.0
101,0.005452924016826059,0.0,0.5893455991567411,0.0,0.05279970957559976,0.0,0.8328610196132359,0.0,0.0928216828026654,0.0
102,0.005085038018049292,0.0,0.5874506693406015,0.0,0.050936118578996485,0.0,0.8326350798316581,0.0,0.0874265974710032,0.0
103,0.004964535458123627,0.0,0.5845337753274672,0.0,0.04549712432909153,0.0,0.8310570716626687,0.0,0.05730731183900082,0.0
104,0.004822032501628226,0.0,0.5833055281078753,0.0,0.04361683341524072,0.0,0.8299196852928459,0.0,0.051248867991043355,0.0
105,0.004661831476790081,0.0,0.5811684669771128,0.0,0.03658041261005261,0.0,0.8278837142970777,0.0,0.04073091095873463,0.0
106,0.004314678329293684,0.0,0.5789024792786894,0.0,0.03270599512685461,0.0,0.8270895248003162,0.0,0.0167971960720023,0.0
107,0.004226358481484565,0.0,0.5775611040644375,0.0,0.027307373464632446,0.0,0.8265016476112068,0.0,0.008553160014026454,0.0
108,0.003912496259112514,0.0,0.5770843766949171,0.0,0.02326413768880194,0.0,0.8255405892574954,0.0,3.329357269789695e-14,0.0
109,0.003733080560140854,0.0,0.5713324406966017,0.0,0.02189502089572056,0.0,0.8242136095061614,0.0,3.133898539537185e-14,0.0
110,0.003615562284690053,0.0,0.5701586816330737,0.0,0.017106145311804065,0.0,0.8230084762899972,0.0,2.6847165444521706e-14,0.0
111,0.0033640591103312927,0.0,0.5675686708430684,0.0,0.011438639376308794,0.0,0.8217031427294256,0.0,2.6662724562661874e-14,0.0
112,0.0031460009120721556,0.0,0.5673357062316376,0.0,0.008873504975808497,0.0,0.8206892035552812,0.0,2.5481585040946492e-14,0.0
113,0.0030168209169824816,0.0,0.5651878927292338,0.0,0.00434825049597494,0.0,0.820199259394572,0.0,2.5265708033956457e-14,0.0
114,0.0029961900033050486,0.0,0.5644049225612631,0.0,0.00241385605026601,0.0,0.8196010871747234,0.0,2.351405371243237e-14,0.0
115,0.002747796203169907,0.0,0.5612181512708835,0.0,3.918087378264683e-14,0.0,0.8183235897765334,0.0,2.3448715049807676e-14,0.0
116,0.0026438254442414325,0.0,0.5603651985314453,0.0,3.688925442813533e-14,0.0,0.8170833168960918,0.0,2.2965519595671663e-14,0.0
117,0.0025661045281908336,0.0,0.5584672593473131,0.0,3.491251918776695e-14,0.0,0.8165760830263409,0.0,2.2854055800066205e-14,0.0
118,0.0025476334230836277,0.0,0.5568284631567343,0.0,3.2478384563458926e-14,0.0,0.8157240047604258,0.0,2.1832637372202847e-14,0.0
119,0.002511228065922879,0.0,0.5547374861639236,0.0,3.0839614316102186e-14,0.0,0.8146202060646061,0.0,2.1555636600029514e-14,0.0
120,0.002342881283006571,0.0,0.55397896768713,0.0,2.873308579594482e-14,0.0,0.8138376828670594,0.0,2.0646292866830217e-14,0.0
121,0.0022979195797258175,0.0,0.5526588913719372,0.0,2.84379220616925e-14,0.0,0.8127401779953812,0.0,2.0474663832479123e-14,0.0
122,0.0021935354577335498,0.0,0.5503705008947857,0.0,2.799952426855371e-14,0.0,0.8118364722351712,0.0,1.9878469436517208e-14,0.0
123,0.0020595716780535535,0.0,0.5468485146437482,0.0,2.6604826561537512e-14,0.0,0.8104224175539989,0.0,1.9150803572401136e-14,0.0
124,0.0019845376357109008,0.0,0.5438982159674938,0.0,2.6432990613829876e-14,0.0,0.8097106657886772,0.0,1.903166015699375e-14,0.0
125,0.0018953058202666225,0.0,0.5420104565631295,0.0,2.592944311267099e-14,0.0,0.8078856408485169,0.0,1.8488009777273104e-14,0.0
126,0.001834218617321092,0.0,0.5414095317061896,0.0,2.5797147044617143e-14,0.0,0.8072857646724109,0.0,1.8401709117180918e-14,0.0
127,0.0017331311678367067,0.0,0.5404884891621117,0.0,2.5199536518499713e-14,0.0,0.8068471170081751,0.0,1.8011751370569528e-14,0.0
128,0.0017204227025975818,0.0,0.5386314672230275,0.0,2.3976206261908552e-14,0.0,0.8053211112398568,0.0,1.7952683115833753e-14,0.0
129,0.001619844751185888,0.0,0.5360840055094677,0.0,2.3676093346438225e-14,0.0,0.8038360960003272,0.0,1.732942512722106e-14,0.0
130,0.0015667184117404266,0.0,0.5341441058789705,0.0,2.2558433041240987e-14,0.0,0.8028856912865319,0.0,1.6947147604024603e-14,0.0
131,0.0014539214800438382,0.0,0.5336200321203618,0.0,2.224400291129104e-14,0.0,0.8014314793383,0.0,1.6581303119562447e-14,0.0
132,0.0013533109833197764,0.0,0.5312772640108531,0.0,2.1622330979325688e-14,0.0,0.8001895072883675,0.0,1.5705941683326982e-14,0.0
133,0.0013265621346264318,0.0,0.5286006734486303,0.0,2.13076933505761e-14,0.0,0.7997501171042446,0.0,1.5655477911331434e-14,0.0
134,0.0012664982907202337,0.0,0.5265274347531981,0.0,2.077573720918707e-14,0.0,0.798389746991701,0.0,1.5266165907203452e-14,0.0
135,0.0012433928720746018,0.0,0.525249498041522,0.0,2.0630297746233354e-14,0.0,0.798135604432287,0.0,1.5045911881336154e-14,0.0
136,0.001150602326970219,0.0,0.5226913764996051,0.0,1.990078153162109e-14,0.0,0.7966201339626413,0.0,1.4736588925419062e-14,0.0
137,0.0011375945228841993,0.0,0.521676227298554,0.0,1.9702937084089747e-14,0.0,0.7956257775989325,0.0,1.429631583819999e-14,0.0
138,0.0011083836521670045,0.0,0.520136019182355,0.0,1.8809947216970917e-14,0.0,0.7950390927791375,0.0,1.3650411361414635e-14,0.0
139,0.001080807267589334,0.0,0.518927934900308,0.0,1.858672630810495e-14,0.0,0.7943570928355653,0.0,1.3587647238781828e-14,0.0
140,0.0010479745085970101,0.0,0.5170311651114938,0.0,1.7745222682631298e-14,0.0,0.7933477075476266,0.0,1.3188849634948514e-14,0.0
141,0.0010263095799040165,0.0,0.5168279423131914,0.0,1.7352882457317275e-14,0.0,0.7918702143433902,0.0,1.2858876068391199e-14,0.0
142,0.0009929300629183367,0.0,0.5148266331421181,0.0,1.734920412605087e-14,0.0,0.7908837573064071,0.0,1.2621443846674968e-14,0.0
143,0.0009679677396755247,0.0,0.5133653096522821,0.0,1.612811971508277e-14,0.0,0.7897356803076955,0.0,1.2516189792943877e-14,0.0
144,0.0009279321451663103,0.0,0.5114541508944979,0.0,1.5886722222590603e-14,0.0,0.7889814689075909,0.0,1.2146628390801688e-14,0.0
145,0.0008806395211480494,0.0,0.5100859932587761,0.0,1.564886936459114e-14,0.0,0.7881295958770815,0.0,1.1935207515941644e-14,0.0
146,0.0008457398862634527,0.0,0.507537881041765,0.0,1.4646698233184896e-14,0.0,0.7874527269662884,0.0,1.1588328965949369e-14,0.0
147,0.0007937960240448224,0.0,0.5042079054593321,0.0,1.452189178866749e-14,0.0,0.7855398266686578,0.0,1.1457169734999994e-14,0.0
148,0.0007811911056813621,0.0,0.5029171268334438,0.0,1.446268602906477e-14,0.0,0.7843705240914055,0.0,1.0790074676403763e-14,0.0
149,0.000747929422488083,0.0,0.5008536314789365,0.0,1.3993076650422573e-14,0.0,0.7825068570479776,0.0,1.0668302808416895e-14,0.0
150,0.0007155579890318227,0.0,0.4984658151143005,0.0,1.3839910371843056e-14,0.0,0.7824778778665179,0.0,1.0235571693139903e-14,0.0
151,0.0006859251569803696,0.0,0.49624957872762787,0.0,1.352904299142877e-14,0.0,0.7817684448481043,0.0,9.871360236079454e-15,0.0
152,0.0006725019209722528,0.0,0.49515338137881043,0.0,1.343074213371803e-14,0.0,0.7801422531641606,0.0,9.855565607191587e-15,0.0
153,0.0006432389078727082,0.0,0.49491036421246826,0.0,1.320818959593607e-14,0.0,0.7783630478029391,0.0,9.68431837582701e-15,0.0
154,0.0006251770358200468,0.0,0.4927756326038019,0.0,1.3078779819248157e-14,0.0,0.7782984635684833,0.0,9.365159165138505e-15,0.0
155,0.0006082230415131428,0.0,0.4901947374174194,0.0,1.259362570429424e-14,0.0,0.7775352808578732,0.0,9.187297933439647e-15,0.0
156,0.0005855671166917526,0.0,0.48964535594978104,0.0,1.181332352124675e-14,0.0,0.7755896810326748,0.0,8.86060597384186e-15,0.0
157,0.0005627401995688107,0.0,0.4887892807300883,0.0,1.1534947160227821e-14,0.0,0.7747848518606019,0.0,8.434240989433087e-15,0.0
158,0.0005248656704089413,0.0,0.48607583452900394,0.0,1.1212375976881511e-14,0.0,0.7736769784520762,0.0,8.331129694934454e-15,0.0
159,0.0005209898739625788,0.0,0.484574040772484,0.0,1.1052001072977396e-14,0.0,0.7721352090672049,0.0,8.190510990013116e-15,0.0
160,0.0005001083291744173,0.0,0.48291832094300347,0.0,1.0745019300751949e-14,0.0,0.7705374785198326,0.0,7.869231838772678e-15,0.0
161,0.00047068905207631705,0.0,0.48187246655877963,0.0,1.0638791390114422e-14,0.0,0.7703396752307109,0.0,7.772767837395688e-15,0.0
162,0.0004272019838595674,0.0,0.4808628252424929,0.0,1.0301840288877406e-14,0.0,0.7685190253448158,0.0,7.569800841162476e-15,0.0
163,0.00042081849001965327,0.0,0.4786987445295318,0.0,1.002662385967537e-14,0.0,0.7673264942401847,0.0,7.33289128584843e-15,0.0
164,0.00040551152516578,0.0,0.47828942792676293,0.0,9.59835486918826e-15,0.0,0.7659923404005745,0.0,7.095421932988579e-15,0.0
165,0.00038842601030617164,0.0,0.4747899001192218,0.0,9.468888067486979e-15,0.0,0.7651152889094202,0.0,6.8173592083298215e-15,0.0
166,0.0003650645173160311,0.0,0.4743236718271624,0.0,9.45988173060422e-15,0.0,0.7630822751370097,0.0,6.71699475500056e-15,0.0
167,0.00034219316576379724,0.0,0.4717977558433526,0.0,8.742777465769192e-15,0.0,0.762944044629665,0.0,6.461628516899703e-15,0.0
168,0.00033205965670044077,0.0,0.4709486859595773,0.0,8.465034175820596e-15,0.0,0.7614067020802988,0.0,6.441255513498009e-15,0.0
169,0.00031715841673337134,0.0,0.46759317839253317,0.0,8.435017015953626e-15,0.0,0.7607597030440817,0.0,5.9047859626070774e-15,0.0
170,0.00030595632030057715,0.0,0.4666520557225074,0.0,8.36665095308992e-15,0.0,0.7595701996126939,0.0,5.79735264811725e-15,0.0
171,0.00029885867539728453,0.0,0.4651556262065948,0.0,7.985500244710886e-15,0.0,0.7577662394494072,0.0,5.399077581033424e-15,0.0
172,0.0002937970437055451,0.0,0.4621038476719862,0.0,7.791606528361585e-15,0.0,0.7567353054263939,0.0,5.394348452750875e-15,0.0
173,0.0002778660747296533,0.0,0.4616784846082871,0.0,7.114668218200152e-15,0.0,0.7556695921976463,0.0,5.134188434166739e-15,0.0
174,0.00027246338524215894,0.0,0.45884874514133506,0.0,6.95678764186186e-15,0.0,0.7540135490486665,0.0,4.974664768826928e-15,0.0
175,0.0002519631140619821,0.0,0.4578355581796649,0.0,6.780286778047433e-15,0.0,0.752892646920259,0.0,4.83340679753671e-15,0.0
176,0.00024117001921178613,0.0,0.45465424568645063,0.0,6.47412094460543e-15,0.0,0.7516246892134515,0.0,4.710266187531549e-15,0.0
177,0.00022369358958927607,0.0,0.45192333427781595,0.0,6.378329646262441e-15,0.0,0.7505979236856957,0.0,4.1737985410562504e-15,0.0
178,0.0002118890161096371,0.0,0.45025847614836734,0.0,6.151303086252724e-15,0.0,0.7474857257948586,0.0,4.051096303986821e-15,0.0
179,0.00020852854766417213,0.0,0.44759306594984294,0.0,5.75664491182408e-15,0.0,0.7468507517444114,0.0,3.873314650696177e-15,0.0
180,0.00020603535366560646,0.0,0.4446677735496514,0.0,5.280487230267496e-15,0.0,0.7452866360311613,0.0,3.762471543849826e-15,0.0
181,0.00019313499358286174,0.0,0.4430738257424432,0.0,5.1873659522965244e-15,0.0,0.7450049232685819,0.0,3.581952799255309e-15,0.0
182,0.00018301355953222444,0.0,0.44166883538709956,0.0,4.867944163345969e-15,0.0,0.7438018974784287,0.0,3.434047445416178e-15,0.0
183,0.00017576138440129576,0.0,0.43980884579439006,0.0,4.822172675387111e-15,0.0,0.7428304041617951,0.0,3.3837560959360784e-15,0.0
184,0.0001686418051667379,0.0,0.438389601770266,0.0,4.306943983084921e-15,0.0,0.7401179078703143,0.0,3.2894750579067924e-15,0.0
185,0.00016791326952070277,0.0,0.4352899078559189,0.0,4.03827479931768e-15,0.0,0.7379663396461269,0.0,2.9576974744850367e-15,0.0
186,0.00015731535143940857,0.0,0.43406281795222446,0.0,3.852950601094541e-15,0.0,0.7364797414866896,0.0,2.7225861375091893e-15,0.0
187,0.00014910426730489664,0.0,0.4320923096446913,0.0,3.396278767853709e-15,0.0,0.7350042998217627,0.0,2.5378760125575502e-15,0.0
188,0.00014023562600333253,0.0,0.4303810044018095,0.0,3.207149269361275e-15,0.0,0.7340008859875177,0.0,2.4865106481542853e-15,0.0
189,0.00013289334106671963,0.0,0.42887605713428667,0.0,2.851457749335084e-15,0.0,0.7332908445394487,0.0,2.2696255023639812e-15,0.0
190,0.00012855663097072426,0.0,0.4282057089609912,0.0,2.683161213082872e-15,0.0,0.7315646181930493,0.0,2.257206221329519e-15,0.0
191,0.00012415064733804844,0.0,0.4244985308915165,0.0,2.452091856127666e-15,0.0,0.7300494358145919,0.0,2.0022475026646315e-15,0.0
192,0.00012150309396215599,0.0,0.4223191411407475,0.0,2.3151133389770143e-15,0.0,0.7278222340968964,0.0,1.8066695900625554e-15,0.0
193,0.00011054577274216316,0.0,0.421676062744849,0.0,1.795344357137256e-15,0.0,0.7270008602772098,0.0,1.7451048780956683e-15,0.0
194,9.90773044158242e-05,0.0,0.41942516423651083,0.0,1.7928908411979946e-15,0.0,0.7250139402697247,0.0,1.1912343700429604e-15,0.0
195,9.435144369491111e-05,0.0,0.4173188205443642,0.0,1.7038628923443111e-15,0.0,0.7232955225722186,0.0,1.0138624790249817e-15,0.0
196,8.314284288696102e-05,0.0,0.41442084702992155,0.0,1.4069462267187414e-15,0.0,0.7213133511972979,0.0,7.272180795733396e-16,0.0
197,8.021812333013999e-05,0.0,0.4106833131898686,0.0,1.0092318953485952e-15,0.0,0.7176224209370748,0.0,6.452319437691016e-16,0.0
198,7.718645172772908e-05,0.0,0.406435907527462,0.0,7.026805916921997e-16,0.0,0.7136478543373552,0.0,5.117962661028543e-16,0.0
199,7.439424921141108e-05,0.0,0.40288823542852287,0.0,6.12803153958707e-16,0.0,0.711900426552651,0.0,2.0460805516632604e-16,0.0
200,5.834600383327064e-05,0.0,0.397104380761317,0.0,4.68622007497776e-16,0.0,0.7112382629723719,0.0,1.734078391360222e-16,0.0
